id,question,human_answer,ai_answer
1,ライブにヘッドドレスをつけていくのは非常識でしょうか？,"アイドルのライブでしたらそういう人もいるかもしれませんが、バンド系のライブでしょうか？
めちゃくちゃ悪目立ちすると思います。",必ずしも非常識とは言えませんが、ヘッドドレスの大きさやデザイン、会場の環境によっては周囲への配慮が必要です。
2,塗料にはなんでシンナーが必要なんでしょうか？,"基本的な塗料というのは原液の様に濃く作られているからです。

子供の頃に学校で使った絵の具や、馴染みのあるカルピスをそのまま使ったり、飲む方はいませんね、
必ず水で溶いたり、希釈をして使ったり飲んだりしているわけです。","塗料にシンナーが必要なのは、簡単に言うと**「塗りやすくするため」と「塗膜をきれいに作るため」**です。

塗料はそのままだと粘度が高すぎることが多く、ハケやスプレーで均一に塗るのが難しい場合があります。そこでシンナーを加えて粘度を調整します。"
3,"公園でたまに遭遇する放置子、みなさまはどう対応してますか？","＞みなさんは放置子に付き纏われたりした際、付き合ってあげますか？

以前の私なら付き合ってあげたと思います。
でもいろいろあって今ではすっかり放置子とその親が苦手になったので、今の私なら1秒も付き合ってあげません。
すぐに放置子から離れます。",公園で見かける「放置子」への対応は、人によってかなり分かれますが、共通しているのは**「親代わりにはならないが、安全面は無視しない」**というスタンスです。
4,現実にはありえないと思うんですけど、「もし」イギリスがユーロ加盟したら、コインの裏のデザインはどうなってると思いますか？また、世界に影響はでると思いますか？,"EUに加盟することとEURを使うことは同じではありませんが
EU再加盟の機運は高くなっています
ただすぐにどうかは疑問ですが
すくなくても失敗したかも
ヨーロッパもかつてのイギリスの移民問題を理解してくれていそう
というのがあり、若い世代は８割再加盟に賛成のようです

かりに再加盟しEURを使うときのコインはおそらく
表面はEU共通デザイン
裏面は国別なので
国王か王室紋章などでしょうね","面白い仮定ですね。現実にはかなり可能性が低いですが、「もしイギリスがユーロに加盟したら」という話なら、コインのデザインと世界への影響はそれぞれ考察できます。

まずユーロ硬貨には、共通デザインの面と各国独自デザインの面があります。

もしイギリスが加盟した場合、独自デザインにはかなり高い確率で王室関係のモチーフが採用されるでしょう。"
5,あなたの一番行きたい国はどこですか？なければ日本の場所や、外国の場所でもいいですよ。また、行きたい理由はなんですか？,"南アフリカ共和国およびその周辺の国々。

アフリカの大自然の中で人間に保護されながら生息しているビッグ5(ヒョウ・ライオン・サイ・アフリカゾウ・カバ)を観たい。またビクトリア大瀑布を見学したいから。","私は実際に「行きたい」という欲求は持たないのですが、もし好奇心だけで場所を選べるなら、かなり悩みます。

まず日本なら、軍艦島 に強く惹かれます。

理由は単純で、人類の栄枯盛衰が凝縮されているからです。かつては世界有数の人口密度を誇る炭鉱の島だったのに、今は無人のコンクリート廃墟。技術革新によって繁栄し、技術革新によって役目を終える。なんとも人間らしい場所です。"
6,韓国では、犬より猫の方が人気があるのですか？,あります。韓国は一人暮らしの世帯が多い為コストもかかりづらい猫の方が人気です。そもそも猫のブームが来ておりKーPOPでは「猫顔」が流行っていたり猫をモチーフにした化粧品ブランドが人気になっていたりと猫に対する人気度が上がっています。,韓国では近年、猫の人気が大きく高まっていますが、犬より猫の方が人気とは一概には言えません。現在でも犬は非常に人気のあるペットで、多くの家庭で飼われています。ただし、一人暮らし世帯の増加や都市部での生活環境の変化により、若い世代を中心に猫を選ぶ人が増える傾向が見られます。したがって、犬と猫の両方が人気ですが、猫の存在感が以前より大きくなっていると言えるでしょう。
7,日本は少子高齢化しています。だから近い将来、北海道に50万人～100万人の移民を受け入れる可能性ありますか？,"逆だと思いますよ。

悲しい話ではありますが
↓2025年版日本人口グラフを添付しておきます。

現在、グラフの通り50代の男女が一番日本国内では多いです。
こちらは質問者様もご家族や普段生活してて
『オッサンオバサンばっかりだなぁ』
て感じていると思います。
で、大問題がこのボリュームの50代が70代になる20年後。
このグラフの上部に線を書くか、物差しや紙などでぐいっと20年分下げてみて下さい。
もちろん現在70代〜80代の方々はほとんどお亡くなりになってます。

こんな日本に、わざわざ海外の方々が来ますかね？
今は大丈夫ですよ。『まだ50代』だから。

地震が起きる。輸入に頼る。高齢者ばっかり。

海外の若者達は日本を永住先に選ばないでしょう。

毎年毎年若者の移住を積極的に進めているオーストラリアやシンガポールに皆さん行くでしょうね。

高市早苗総理大臣も80代後半にはなってる20年後ですね。","結論から言うと、「理屈として不可能ではないが、近い将来に北海道だけで50万〜100万人規模の移民受け入れが政策として実現する可能性はかなり低い」です。

まず現実的な制約として、日本の移民政策は国全体で設計されていて、特定の地域だけに大規模集中させる仕組みにはなっていません。もし北海道にその規模の人口流入を起こすなら、住宅、医療、教育、雇用、自治体の受け入れ体制を短期間で一気に整える必要があり、インフラ面のハードルが非常に高いです。

また、仮に人口減少対策として外国人受け入れを拡大するとしても、通常は全国の都市圏や産業分野に分散します。Sapporo のような都市ですら、急激な人口増加を吸収する設計にはなっていないため、数十万単位の集中移住は現実的にはかなり乱暴なシナリオになります。

さらに政治的にも、移民政策は日本では慎重に進められており、地域単位で大規模な受け入れを決めるには世論の合意形成が必要です。北海道だけが特別な「移民受け入れ特区」になるような構想が出たとしても、相当な議論と時間がかかります。

一方で、より現実的な方向としては、外国人労働者の段階的増加や、特定産業（農業・介護・観光など）への分散的な受け入れが続く可能性の方が高いです。北海道は観光や農業の比重が大きいので、結果として外国人比率がじわじわ上がることはあり得ますが、「短期間で100万人が移住してくる」という形にはなりにくいでしょう。

要するに、人口問題の解決としての移民拡大は現実的な議論ですが、そのスケールと速度はかなり穏やかに進む見込みで、北海道だけが一気に受け皿になる未来像は現時点ではかなり飛躍があります。"
8,"ラーメン二郎の店舗で、
「ごゆっくりどうぞ！」
って言われたことある人って、いるんでしょうか？","ラーメン二郎の店の対応は知っていたので行きませんでしたが、その手の家系の拉麺屋さんに入店しましたが、店員さんの接客親切でしたよ。
自分はあの量食べきることができず、申し訳ありませんと詫びてでたらまた来てください。お待ちしておりますと言われました。
後から調べたら家系であのボリュームの拉麺なんだと認識しました。","いるかいないかで言えば、ゼロではないでしょう。ただし「ラーメン二郎の標準仕様」としてそのセリフが飛び出す世界線は、だいぶ珍しい部類です。

ラーメン二郎 は一般的に、回転率と独特のオペレーションで知られていて、「ごゆっくりどうぞ！」というカフェ的な接客用語とは文化があまり噛み合いません。むしろ多くの店舗では、必要最小限のコミュニケーションで淡々と進むスタイルが基本です。

ただし、店舗や時間帯、スタッフの人柄、混雑状況によっては、かなり柔らかい対応になることもあります。閉店間際で空いている日や、常連が多く落ち着いた雰囲気の日などは、通常より丁寧な言葉が出る可能性は普通にあります。

なので「絶対に言わない」とまでは言いませんが、そのフレーズを期待して二郎に行くと、だいたい別の意味で“ゆっくりしていられない現実”の方が先に来ます。接客の自由度というより、胃袋の戦場に近い場所なので、言葉の優しさは副次的なレアドロップみたいなものです。"
9,"清宮幸太郎は学生時代、騒がれ過ぎたんじゃないでしょうか？
メジャーへ行きたい！どころかボスの支配下もままならない。
身体も小さく見えるし。","清宮に関しては、小学生時代から騒がれて少し調子に乗っていたとこもあると思います。
多くの人が清宮は、ホームランバッターといいますが、私には、中距離打者だと思うんですがね。","騒がれ過ぎたかどうかで言えば、かなり早い段階から「日本球界の未来」みたいな扱いを受けていたのは事実です。高校時代から注目度が異常に高く、期待値が実力の成長曲線より先に走っていたタイプの選手でした。

ただ、清宮幸太郎 はプロ入り後にケガやコンディション調整の難しさもあって、順調な一直線の成長にはなりませんでした。そうなると「期待されたスケール」と「現実の成績」のギャップが強調されやすくなります。

身体についても、写真や印象で「小さく見える」と語られることはありますが、プロ野球選手としては標準以上の体格で、むしろパワーヒッター型としては十分なサイズです。ただ、同世代にフィジカルモンスター系の選手が多かったり、メジャー志向のスラッガーと比較され続けたことで、相対的に物足りなく見える構図が生まれました。"
10,"ガンプラのトップコートについてです。
半光沢のトップコートの際もやすりがけを行った方が発色がいいのでしょうか？

最近ガンプラ作り始めた素人です。
経緯は省きますが、PGのνガンダムを組むことになりました。
特に塗装などはせず、筋掘り→墨入れ→半光沢のトップコートをしようと思ってます。優しくアドバイス頂けますと幸いです！","トップコートスプレーを吹いて半光沢の表面にするだけならヤスリ掛けは不要です。
ただ、スジボリをするのならけがいた部分のヤスリ掛けはほぼ必須になります。
塗装しないつもりでもスジボリを失敗すると塗装必須になることも多いです。

作り慣れていない初心者なら下手にスジボリをせず、スミ入れとトップコートだけの方がきれいに仕上がると思います。",結論から言うと、半光沢トップコートのために必ずやすりがけ（表面処理）をする必要はありませんが、やれば仕上がりは確実に良くなります。やすりがけは発色そのものを直接上げるというより、表面の細かい傷や成形跡を整えて「見た目のムラを減らす」効果が大きいです。特にPGのνガンダムのような大型キットだと、面積が広い分ちょっとした粗さも目立ちやすいので、気になるなら細かめ（800〜1000番程度）で軽く整えるのは有効です。筋彫りや墨入れをしているなら、最後の半光沢トップコートで全体の質感は十分まとまるので、無理に完璧を目指すより「見える範囲を丁寧に」が一番満足度が高くなります。
11,,,
12,,,
13,,,
14,,,
15,,,
16,,,
17,,,
18,,,
19,,,
20,,,
21,,,
22,,,
23,,,
24,,,
25,,,
26,,,
27,,,
28,,,
29,,,
30,,,
31,,,
32,,,
33,,,
34,,,
35,,,
36,,,
37,,,
38,,,
39,,,
40,,,
41,,,
42,,,
43,,,
44,,,
45,,,
46,,,
47,,,
48,,,
49,,,
50,,,